,uuid,census_id,count
812,d954b22d-0031-4b02-b91d-f86c1fbd8d22,55,343
375,5993a94c-7d97-4df7-9abf-e493bfd5d000,55,283
907,fbdde4c1-57ed-b42f-7b9f-dd517b53f2f2,147,177
392,5993a94c-7d97-4df7-9abf-e493bfd5d000,1248,163
374,5993a94c-7d97-4df7-9abf-e493bfd5d000,53,114
815,dc4f4e8e-d7b0-4e72-b609-97f2796149f9,61,112
379,5993a94c-7d97-4df7-9abf-e493bfd5d000,72,111
294,50765cb7-d9ea-4e21-99a4-fa879613a492,34,104
326,50765cb7-d9ea-4e21-99a4-fa879613a492,147,91
536,8277a5f1-4166-45d1-9f97-905df2a427d5,13,78
283,504f4c45-5354-4152-0000-000000000000,109,73
843,e2c56db5-dffb-48d2-b060-d0f5a71096e0,109,65
284,504f4c45-5354-4152-0000-000000000000,141,63
456,74278bda-b644-4520-8f0c-720eaf059935,34,59
896,f7b5c2e9-949d-49f3-bb3b-08762506cec1,120,58
909,fbdde4c1-57ed-b42f-7b9f-dd517b53f2f2,154,58
322,50765cb7-d9ea-4e21-99a4-fa879613a492,141,52
810,d954b22d-0031-4b02-b91d-f86c1fbd8d22,34,52
489,74278bda-b644-4520-8f0c-720eaf059935,147,51
391,5993a94c-7d97-4df7-9abf-e493bfd5d000,1246,49
126,2686f39c-bada-4658-854a-a62e7e5e8b8d,34,49
275,4a84c409-89e1-497c-8251-2f2d778db8d6,34,48
834,e2c56db5-dffb-48d2-b060-d0f5a71096e0,34,47
233,2f24dda5-6745-4d39-99cf-d6cbea086401,61,45
376,5993a94c-7d97-4df7-9abf-e493bfd5d000,66,44
494,74278bda-b644-4520-8f0c-720eaf059935,749,44
210,2a955cfd-667b-4ac8-9141-73b9c168da7e,108,43
310,50765cb7-d9ea-4e21-99a4-fa879613a492,109,43
906,fbdde4c1-57ed-b42f-7b9f-dd517b53f2f2,141,43
383,5993a94c-7d97-4df7-9abf-e493bfd5d000,749,42
213,2a955cfd-667b-4ac8-9141-73b9c168da7e,119,40
295,50765cb7-d9ea-4e21-99a4-fa879613a492,51,40
291,50765cb7-d9ea-4e21-99a4-fa879613a492,29,40
857,e2c56db5-dffb-48d2-b060-d0f5a71096e0,855,39
904,fbdde4c1-57ed-b42f-7b9f-dd517b53f2f2,29,38
209,2a955cfd-667b-4ac8-9141-73b9c168da7e,106,36
290,50765cb7-d9ea-4e21-99a4-fa879613a492,23,36
811,d954b22d-0031-4b02-b91d-f86c1fbd8d22,53,35
154,2686f39c-bada-4658-854a-a62e7e5e8b8d,147,34
551,89d91339-52a3-405a-9f15-dba920f2726c,109,34
477,74278bda-b644-4520-8f0c-720eaf059935,109,33
333,50765cb7-d9ea-4e21-99a4-fa879613a492,767,33
787,d77657c4-52a7-426f-b9d0-d71e10798c8a,147,31
559,8a21c76b-74e3-4341-92be-33fcfdefdd63,34,31
555,8a21c76b-74e3-4341-92be-33fcfdefdd63,23,31
487,74278bda-b644-4520-8f0c-720eaf059935,145,31
211,2a955cfd-667b-4ac8-9141-73b9c168da7e,115,30
116,2686f39c-bada-4658-854a-a62e7e5e8b8d,13,29
288,50765cb7-d9ea-4e21-99a4-fa879613a492,13,29
285,504f4c45-5354-4152-0000-000000000000,147,29
498,74278bda-b644-4520-8f0c-720eaf059935,769,28
380,5993a94c-7d97-4df7-9abf-e493bfd5d000,78,28
459,74278bda-b644-4520-8f0c-720eaf059935,55,27
340,50765cb7-d9ea-4e21-99a4-fa879613a492,846,27
157,2686f39c-bada-4658-854a-a62e7e5e8b8d,748,27
388,5993a94c-7d97-4df7-9abf-e493bfd5d000,1092,26
537,8277a5f1-4166-45d1-9f97-905df2a427d5,19,25
541,8277a5f1-4166-45d1-9f97-905df2a427d5,29,24
783,d77657c4-52a7-426f-b9d0-d71e10798c8a,141,24
479,74278bda-b644-4520-8f0c-720eaf059935,122,24
218,2a955cfd-667b-4ac8-9141-73b9c168da7e,143,23
903,fbdde4c1-57ed-b42f-7b9f-dd517b53f2f2,13,23
471,74278bda-b644-4520-8f0c-720eaf059935,83,23
629,9eb353a0-69b6-4947-b710-bae643c8bca5,61,23
276,4a84c409-89e1-497c-8251-2f2d778db8d6,55,23
499,74278bda-b644-4520-8f0c-720eaf059935,773,23
82,1ca92e23-f087-4df7-b9a2-fd4b716a4bf6,767,22
378,5993a94c-7d97-4df7-9abf-e493bfd5d000,70,22
331,50765cb7-d9ea-4e21-99a4-fa879613a492,749,22
452,74278bda-b644-4520-8f0c-720eaf059935,23,22
216,2a955cfd-667b-4ac8-9141-73b9c168da7e,130,22
27,00ce1c6a-0f3e-4ba4-955a-69f997ba4aa4,131,22
344,50765cb7-d9ea-4e21-99a4-fa879613a492,871,22
289,50765cb7-d9ea-4e21-99a4-fa879613a492,19,21
597,8a21c76b-74e3-4341-92be-33fcfdefdd63,773,21
457,74278bda-b644-4520-8f0c-720eaf059935,51,21
481,74278bda-b644-4520-8f0c-720eaf059935,131,21
147,2686f39c-bada-4658-854a-a62e7e5e8b8d,133,21
777,d77657c4-52a7-426f-b9d0-d71e10798c8a,109,21
149,2686f39c-bada-4658-854a-a62e7e5e8b8d,141,21
318,50765cb7-d9ea-4e21-99a4-fa879613a492,132,21
576,8a21c76b-74e3-4341-92be-33fcfdefdd63,120,20
117,2686f39c-bada-4658-854a-a62e7e5e8b8d,19,20
130,2686f39c-bada-4658-854a-a62e7e5e8b8d,61,20
386,5993a94c-7d97-4df7-9abf-e493bfd5d000,758,20
493,74278bda-b644-4520-8f0c-720eaf059935,748,20
341,50765cb7-d9ea-4e21-99a4-fa879613a492,847,20
95,1d19a9f7-66c0-4428-9e61-f2a58b45c6f5,109,20
9,00009999-0000-1000-8000-00177a000002,108,19
158,2686f39c-bada-4658-854a-a62e7e5e8b8d,749,19
99,1f8e8fed-e2b7-49c8-8c17-51871e707cda,147,19
21,00009999-0000-1000-8000-00177a000002,752,18
577,8a21c76b-74e3-4341-92be-33fcfdefdd63,122,18
580,8a21c76b-74e3-4341-92be-33fcfdefdd63,131,18
575,8a21c76b-74e3-4341-92be-33fcfdefdd63,109,18
583,8a21c76b-74e3-4341-92be-33fcfdefdd63,141,18
205,2a955cfd-667b-4ac8-9141-73b9c168da7e,75,18
234,2f24dda5-6745-4d39-99cf-d6cbea086401,133,18
316,50765cb7-d9ea-4e21-99a4-fa879613a492,130,18
335,50765cb7-d9ea-4e21-99a4-fa879613a492,773,17
796,d77657c4-52a7-426f-b9d0-d71e10798c8a,773,17
129,2686f39c-bada-4658-854a-a62e7e5e8b8d,55,17
563,8a21c76b-74e3-4341-92be-33fcfdefdd63,61,17
319,50765cb7-d9ea-4e21-99a4-fa879613a492,133,17
484,74278bda-b644-4520-8f0c-720eaf059935,141,17
313,50765cb7-d9ea-4e21-99a4-fa879613a492,120,17
813,d954b22d-0031-4b02-b91d-f86c1fbd8d22,61,17
905,fbdde4c1-57ed-b42f-7b9f-dd517b53f2f2,34,17
176,2686f39c-bada-4658-854a-a62e7e5e8b8d,871,16
85,1ca92e23-f087-4df7-b9a2-fd4b716a4bf6,847,16
550,89d91339-52a3-405a-9f15-dba920f2726c,107,16
297,50765cb7-d9ea-4e21-99a4-fa879613a492,55,16
389,5993a94c-7d97-4df7-9abf-e493bfd5d000,1181,16
299,50765cb7-d9ea-4e21-99a4-fa879613a492,61,16
761,d77657c4-52a7-426f-b9d0-d71e10798c8a,22,16
579,8a21c76b-74e3-4341-92be-33fcfdefdd63,130,16
164,2686f39c-bada-4658-854a-a62e7e5e8b8d,769,15
169,2686f39c-bada-4658-854a-a62e7e5e8b8d,799,15
762,d77657c4-52a7-426f-b9d0-d71e10798c8a,25,15
346,50765cb7-d9ea-4e21-99a4-fa879613a492,874,15
387,5993a94c-7d97-4df7-9abf-e493bfd5d000,767,15
127,2686f39c-bada-4658-854a-a62e7e5e8b8d,51,15
93,1d19a9f7-66c0-4428-9e61-f2a58b45c6f5,101,15
19,00009999-0000-1000-8000-00177a000002,749,15
455,74278bda-b644-4520-8f0c-720eaf059935,32,15
561,8a21c76b-74e3-4341-92be-33fcfdefdd63,53,15
120,2686f39c-bada-4658-854a-a62e7e5e8b8d,23,15
113,264a2992-d007-432e-b4ed-37d6af6e8d04,141,15
84,1ca92e23-f087-4df7-b9a2-fd4b716a4bf6,846,15
114,264a2992-d007-432e-b4ed-37d6af6e8d04,147,15
856,e2c56db5-dffb-48d2-b060-d0f5a71096e0,767,15
539,8277a5f1-4166-45d1-9f97-905df2a427d5,25,14
472,74278bda-b644-4520-8f0c-720eaf059935,87,14
465,74278bda-b644-4520-8f0c-720eaf059935,73,14
349,50765cb7-d9ea-4e21-99a4-fa879613a492,969,14
760,d77657c4-52a7-426f-b9d0-d71e10798c8a,20,14
80,1ca92e23-f087-4df7-b9a2-fd4b716a4bf6,147,14
304,50765cb7-d9ea-4e21-99a4-fa879613a492,77,14
454,74278bda-b644-4520-8f0c-720eaf059935,29,13
508,74278bda-b644-4520-8f0c-720eaf059935,855,13
338,50765cb7-d9ea-4e21-99a4-fa879613a492,800,13
325,50765cb7-d9ea-4e21-99a4-fa879613a492,146,13
345,50765cb7-d9ea-4e21-99a4-fa879613a492,873,13
562,8a21c76b-74e3-4341-92be-33fcfdefdd63,55,13
595,8a21c76b-74e3-4341-92be-33fcfdefdd63,767,13
549,89d91339-52a3-405a-9f15-dba920f2726c,101,13
314,50765cb7-d9ea-4e21-99a4-fa879613a492,122,13
148,2686f39c-bada-4658-854a-a62e7e5e8b8d,135,13
497,74278bda-b644-4520-8f0c-720eaf059935,767,12
293,50765cb7-d9ea-4e21-99a4-fa879613a492,32,12
208,2a955cfd-667b-4ac8-9141-73b9c168da7e,104,12
165,2686f39c-bada-4658-854a-a62e7e5e8b8d,773,12
166,2686f39c-bada-4658-854a-a62e7e5e8b8d,775,12
170,2686f39c-bada-4658-854a-a62e7e5e8b8d,800,12
356,547eaf8f-ed01-4ac9-ba18-800e320ee03c,133,12
520,74278bda-b644-4520-8f0c-720eaf059935,996,12
927,fe913213-b311-4a42-8c16-47faeac938db,109,12
778,d77657c4-52a7-426f-b9d0-d71e10798c8a,120,12
769,d77657c4-52a7-426f-b9d0-d71e10798c8a,60,12
152,2686f39c-bada-4658-854a-a62e7e5e8b8d,145,12
587,8a21c76b-74e3-4341-92be-33fcfdefdd63,147,12
123,2686f39c-bada-4658-854a-a62e7e5e8b8d,29,12
542,8277a5f1-4166-45d1-9f97-905df2a427d5,32,12
650,aa0c1a63-153f-4256-bc10-398508e2b590,797,11
171,2686f39c-bada-4658-854a-a62e7e5e8b8d,805,11
315,50765cb7-d9ea-4e21-99a4-fa879613a492,124,11
592,8a21c76b-74e3-4341-92be-33fcfdefdd63,749,11
585,8a21c76b-74e3-4341-92be-33fcfdefdd63,145,11
94,1d19a9f7-66c0-4428-9e61-f2a58b45c6f5,107,11
560,8a21c76b-74e3-4341-92be-33fcfdefdd63,51,11
543,8277a5f1-4166-45d1-9f97-905df2a427d5,34,11
466,74278bda-b644-4520-8f0c-720eaf059935,74,11
142,2686f39c-bada-4658-854a-a62e7e5e8b8d,122,11
531,7aa9f224-d71e-4758-8f60-aa013261b9ac,61,11
140,2686f39c-bada-4658-854a-a62e7e5e8b8d,109,11
540,8277a5f1-4166-45d1-9f97-905df2a427d5,28,10
118,2686f39c-bada-4658-854a-a62e7e5e8b8d,20,10
723,ba7c72e9-17c1-4ecc-b3c0-0c960b14319e,122,10
385,5993a94c-7d97-4df7-9abf-e493bfd5d000,752,10
413,6ab357ac-96dd-4d5e-a606-b9dd64c570c7,29,10
468,74278bda-b644-4520-8f0c-720eaf059935,77,10
568,8a21c76b-74e3-4341-92be-33fcfdefdd63,77,10
701,b2e5fc49-d460-42b9-893c-27dbaff9430a,34,10
179,2686f39c-bada-4658-854a-a62e7e5e8b8d,938,10
786,d77657c4-52a7-426f-b9d0-d71e10798c8a,146,10
591,8a21c76b-74e3-4341-92be-33fcfdefdd63,748,10
880,f1eabf09-e313-4fcd-80df-67c779763888,758,10
212,2a955cfd-667b-4ac8-9141-73b9c168da7e,117,9
581,8a21c76b-74e3-4341-92be-33fcfdefdd63,133,9
145,2686f39c-bada-4658-854a-a62e7e5e8b8d,131,9
495,74278bda-b644-4520-8f0c-720eaf059935,752,9
382,5993a94c-7d97-4df7-9abf-e493bfd5d000,147,9
764,d77657c4-52a7-426f-b9d0-d71e10798c8a,31,9
238,307e9194-9fe3-4412-ba98-6e816161a379,758,9
782,d77657c4-52a7-426f-b9d0-d71e10798c8a,133,9
342,50765cb7-d9ea-4e21-99a4-fa879613a492,853,9
809,d8db1b53-006f-453a-b832-0f8d6bc3b35f,147,9
317,50765cb7-d9ea-4e21-99a4-fa879613a492,131,9
871,e5fae995-38cb-4d78-ac3f-bd349871d6d4,133,9
400,5e9917bd-f3ac-41e6-8226-3fd79f340dc5,133,9
156,2686f39c-bada-4658-854a-a62e7e5e8b8d,747,9
125,2686f39c-bada-4658-854a-a62e7e5e8b8d,32,9
458,74278bda-b644-4520-8f0c-720eaf059935,53,9
553,8a21c76b-74e3-4341-92be-33fcfdefdd63,19,9
450,74278bda-b644-4520-8f0c-720eaf059935,13,9
40,09142332-4556-0f78-899e-ebbcce94eff1,141,8
124,2686f39c-bada-4658-854a-a62e7e5e8b8d,31,8
804,d77657c4-52a7-426f-b9d0-d71e10798c8a,977,8
849,e2c56db5-dffb-48d2-b060-d0f5a71096e0,141,8
141,2686f39c-bada-4658-854a-a62e7e5e8b8d,120,8
36,06649f1a-51ec-40c2-bae0-d1c063eae3bb,954,8
22,00009999-0000-1000-8000-00177a000002,758,8
475,74278bda-b644-4520-8f0c-720eaf059935,101,8
133,2686f39c-bada-4658-854a-a62e7e5e8b8d,74,8
343,50765cb7-d9ea-4e21-99a4-fa879613a492,855,8
898,f7f489e9-c07e-41b0-beab-a24ce4d49faa,758,8
160,2686f39c-bada-4658-854a-a62e7e5e8b8d,752,8
339,50765cb7-d9ea-4e21-99a4-fa879613a492,805,7
801,d77657c4-52a7-426f-b9d0-d71e10798c8a,855,7
184,2686f39c-bada-4658-854a-a62e7e5e8b8d,977,7
478,74278bda-b644-4520-8f0c-720eaf059935,120,7
416,6ab357ac-96dd-4d5e-a606-b9dd64c570c7,51,7
323,50765cb7-d9ea-4e21-99a4-fa879613a492,143,7
35,06649f1a-51ec-40c2-bae0-d1c063eae3bb,147,7
836,e2c56db5-dffb-48d2-b060-d0f5a71096e0,55,7
842,e2c56db5-dffb-48d2-b060-d0f5a71096e0,106,7
845,e2c56db5-dffb-48d2-b060-d0f5a71096e0,122,7
852,e2c56db5-dffb-48d2-b060-d0f5a71096e0,147,7
866,e5a392d8-5351-4fb4-8bde-277773263d48,147,7
480,74278bda-b644-4520-8f0c-720eaf059935,124,7
883,f2356731-fbd4-4a10-8aa2-c89adf48a98d,958,7
895,f7b5c2e9-949d-49f3-bb3b-08762506cec1,61,7
908,fbdde4c1-57ed-b42f-7b9f-dd517b53f2f2,150,7
348,50765cb7-d9ea-4e21-99a4-fa879613a492,954,7
511,74278bda-b644-4520-8f0c-720eaf059935,874,7
461,74278bda-b644-4520-8f0c-720eaf059935,61,7
697,b2e5fc49-d460-42b9-893c-27dbaff94309,101,7
420,6ab357ac-96dd-4d5e-a606-b9dd64c570c7,154,7
510,74278bda-b644-4520-8f0c-720eaf059935,873,7
588,8a21c76b-74e3-4341-92be-33fcfdefdd63,149,7
451,74278bda-b644-4520-8f0c-720eaf059935,19,7
599,8a21c76b-74e3-4341-92be-33fcfdefdd63,797,7
755,d451a8ca-6bf8-7847-ffad-d5370ba20806,32,7
384,5993a94c-7d97-4df7-9abf-e493bfd5d000,750,7
105,20cae8a0-a9cf-11e3-a5e2-0800200c9a66,141,7
67,1ca92e23-f087-4df7-b9a2-fd4b716a4bf6,23,7
350,50765cb7-d9ea-4e21-99a4-fa879613a492,996,7
367,56db0365-a001-4062-9e4d-499d3b8eccf3,135,7
305,50765cb7-d9ea-4e21-99a4-fa879613a492,78,6
930,fe913213-b311-4a42-8c16-47faeac938db,147,6
505,74278bda-b644-4520-8f0c-720eaf059935,846,6
911,fc9781c4-022b-4e04-9c65-cba35b2ccc49,131,6
781,d77657c4-52a7-426f-b9d0-d71e10798c8a,131,6
421,6ab357ac-96dd-4d5e-a606-b9dd64c570c7,773,6
419,6ab357ac-96dd-4d5e-a606-b9dd64c570c7,147,6
556,8a21c76b-74e3-4341-92be-33fcfdefdd63,25,6
366,56db0365-a001-4062-9e4d-499d3b8eccf3,133,6
869,e5fae995-38cb-4d78-ac3f-bd349871d6d4,61,6
601,8a21c76b-74e3-4341-92be-33fcfdefdd63,846,6
603,8a21c76b-74e3-4341-92be-33fcfdefdd63,855,6
858,e2c56db5-dffb-48d2-b060-d0f5a71096e0,871,6
706,b2e5fc49-d460-42b9-893c-27dbaff9430b,101,6
702,b2e5fc49-d460-42b9-893c-27dbaff9430a,61,6
622,991f6f79-546b-d8fa-9850-2c2388c6d2ce,23,6
633,9eb353a0-69b6-4947-b710-bae643c8bca5,143,6
506,74278bda-b644-4520-8f0c-720eaf059935,847,6
507,74278bda-b644-4520-8f0c-720eaf059935,853,6
659,ab4c8ae3-86c7-4602-afb7-e82f678ef65a,61,6
788,d77657c4-52a7-426f-b9d0-d71e10798c8a,149,6
695,b2e5fc49-d460-42b9-893c-27dbaff94309,34,6
557,8a21c76b-74e3-4341-92be-33fcfdefdd63,29,6
713,b8ba3d72-9fd6-4ca1-89f6-d0da18de8375,13,6
482,74278bda-b644-4520-8f0c-720eaf059935,133,6
807,d8cec22e-e0c2-11e5-8d0f-02e208b2d34f,109,6
805,d77657c4-52a7-426f-b9d0-d71e10798c8a,1092,6
334,50765cb7-d9ea-4e21-99a4-fa879613a492,769,6
615,8b03238e-cebc-465d-8fb8-90e41e0f51ba,938,6
0,00009999-0000-1000-8000-00177a000002,13,6
106,20cae8a0-a9cf-11e3-a5e2-0800200c9a66,147,6
180,2686f39c-bada-4658-854a-a62e7e5e8b8d,954,6
52,18a54793-5c75-49ae-af6d-3edda84dffc3,34,6
128,2686f39c-bada-4658-854a-a62e7e5e8b8d,53,6
78,1ca92e23-f087-4df7-b9a2-fd4b716a4bf6,141,6
10,00009999-0000-1000-8000-00177a000002,109,6
237,2f98233b-c528-4156-b9f6-bb8f01d2b557,847,6
263,440b011b-acc7-4de3-b991-9e825c24c810,87,6
174,2686f39c-bada-4658-854a-a62e7e5e8b8d,853,6
217,2a955cfd-667b-4ac8-9141-73b9c168da7e,134,6
219,2a955cfd-667b-4ac8-9141-73b9c168da7e,749,6
253,4152554e-f99b-4a3b-86d0-947070693a78,61,6
23,00009999-0000-1000-8000-00177a000002,760,6
15,00009999-0000-1000-8000-00177a000002,127,6
20,00009999-0000-1000-8000-00177a000002,750,6
66,1ca92e23-f087-4df7-b9a2-fd4b716a4bf6,13,6
647,aa0c1a63-153f-4256-bc10-398508e2b590,147,5
244,38d76936-1b9f-425a-af17-612403da18b9,147,5
153,2686f39c-bada-4658-854a-a62e7e5e8b8d,146,5
534,7bc8ba18-f852-407e-be5f-36eff7b677e7,131,5
6,00009999-0000-1000-8000-00177a000002,102,5
766,d77657c4-52a7-426f-b9d0-d71e10798c8a,34,5
365,56db0365-a001-4062-9e4d-499d3b8eccf3,130,5
134,2686f39c-bada-4658-854a-a62e7e5e8b8d,77,5
683,b2e5fc49-d460-42b9-893c-27dbaff94306,101,5
368,56db0365-a001-4062-9e4d-499d3b8eccf3,146,5
893,f7826da6-4fa2-4e98-8024-bc5b71e0893e,109,5
17,00009999-0000-1000-8000-00177a000002,133,5
808,d8cec22e-e0c2-11e5-8d0f-02e208b2d34f,147,5
143,2686f39c-bada-4658-854a-a62e7e5e8b8d,124,5
239,31b0987b-7e64-4b54-ade4-4daa75573cd7,61,5
144,2686f39c-bada-4658-854a-a62e7e5e8b8d,130,5
236,2f98233b-c528-4156-b9f6-bb8f01d2b557,846,5
347,50765cb7-d9ea-4e21-99a4-fa879613a492,881,5
714,b8ba3d72-9fd6-4ca1-89f6-d0da18de8375,77,5
45,0f73d453-7524-4862-a864-3420875dba4b,767,5
146,2686f39c-bada-4658-854a-a62e7e5e8b8d,132,5
361,56db0365-a001-4062-9e4d-499d3b8eccf3,19,5
780,d77657c4-52a7-426f-b9d0-d71e10798c8a,130,5
708,b2e5fc49-d460-42b9-893c-27dbaff9430b,109,5
525,75cc8143-2d24-e47a-33e4-61363092b83f,34,5
30,03040000-2aae-4d26-ad62-03e9a8637ebd,61,5
859,e2c56db5-dffb-48d2-b060-d0f5a71096e0,995,5
850,e2c56db5-dffb-48d2-b060-d0f5a71096e0,143,5
423,6ab357ac-96dd-4d5e-a606-b9dd64c570c7,855,5
173,2686f39c-bada-4658-854a-a62e7e5e8b8d,847,5
177,2686f39c-bada-4658-854a-a62e7e5e8b8d,873,5
669,b2e5fc49-d460-42b9-893c-27dbaff94302,109,5
925,fe913213-b311-4a42-8c16-47faeac938db,13,5
851,e2c56db5-dffb-48d2-b060-d0f5a71096e0,146,5
469,74278bda-b644-4520-8f0c-720eaf059935,78,5
593,8a21c76b-74e3-4341-92be-33fcfdefdd63,752,5
59,18a54793-5c75-49ae-af6d-3edda84dffc3,748,5
308,50765cb7-d9ea-4e21-99a4-fa879613a492,106,5
673,b2e5fc49-d460-42b9-893c-27dbaff94303,109,5
311,50765cb7-d9ea-4e21-99a4-fa879613a492,115,5
112,264a2992-d007-432e-b4ed-37d6af6e8d04,109,5
92,1ca92e23-f087-4df7-b9a2-fd4b716a4bf6,996,5
802,d77657c4-52a7-426f-b9d0-d71e10798c8a,938,5
639,a58bf14e-db0e-407e-ad7b-1d0a84528254,131,5
280,4d744d1f-9ee8-6e91-60ec-9c0643d8dff2,873,5
417,6ab357ac-96dd-4d5e-a606-b9dd64c570c7,109,5
258,4165726f-6869-7665-4e65-74776f726b73,122,5
415,6ab357ac-96dd-4d5e-a606-b9dd64c570c7,34,5
632,9eb353a0-69b6-4947-b710-bae643c8bca5,141,4
847,e2c56db5-dffb-48d2-b060-d0f5a71096e0,131,4
661,b19c90c3-c82c-ba3f-fa50-fdd2b787e5bb,74,4
863,e2e1adec-2e34-4320-82ff-b162204cef07,954,4
196,2a28c8e5-b65f-44aa-9837-e02e5967b103,78,4
692,b2e5fc49-d460-42b9-893c-27dbaff94308,101,4
691,b2e5fc49-d460-42b9-893c-27dbaff94307,124,4
870,e5fae995-38cb-4d78-ac3f-bd349871d6d4,122,4
185,2686f39c-bada-4658-854a-a62e7e5e8b8d,979,4
791,d77657c4-52a7-426f-b9d0-d71e10798c8a,748,4
666,b2e5fc49-d460-42b9-893c-27dbaff94301,109,4
476,74278bda-b644-4520-8f0c-720eaf059935,107,4
679,b2e5fc49-d460-42b9-893c-27dbaff94304,109,4
97,1e84766c-ac5c-4df6-a0af-3ea98dd5a91a,13,4
630,9eb353a0-69b6-4947-b710-bae643c8bca5,109,4
803,d77657c4-52a7-426f-b9d0-d71e10798c8a,954,4
694,b2e5fc49-d460-42b9-893c-27dbaff94308,124,4
16,00009999-0000-1000-8000-00177a000002,131,4
202,2a28c8e5-b65f-44aa-9837-e02e5967b107,78,4
496,74278bda-b644-4520-8f0c-720eaf059935,758,4
397,5e9917bd-f3ac-41e6-8226-3fd79f340dc5,109,4
621,98fc7ce5-64e6-4245-b1f4-5f2f9503e670,120,4
150,2686f39c-bada-4658-854a-a62e7e5e8b8d,143,4
672,b2e5fc49-d460-42b9-893c-27dbaff94303,101,4
688,b2e5fc49-d460-42b9-893c-27dbaff94307,107,4
203,2a28c8e5-b65f-44aa-9837-e02e5967b108,78,4
670,b2e5fc49-d460-42b9-893c-27dbaff94302,124,4
204,2a28c8e5-b65f-44aa-9837-e02e5967b109,78,4
504,74278bda-b644-4520-8f0c-720eaf059935,805,4
516,74278bda-b644-4520-8f0c-720eaf059935,968,4
39,09142332-4556-0f78-899e-ebbcce94eff1,109,4
571,8a21c76b-74e3-4341-92be-33fcfdefdd63,87,4
102,20cae8a0-a9cf-11e3-a5e2-0800200c9a66,13,4
725,ba7c72e9-17c1-4ecc-b3c0-0c960b14319e,133,4
329,50765cb7-d9ea-4e21-99a4-fa879613a492,150,4
746,c4b8ccde-cd5f-40ed-b5b2-f68851ff8ab2,74,4
756,d451a8ca-6bf8-7847-ffad-d5370ba20806,958,4
596,8a21c76b-74e3-4341-92be-33fcfdefdd63,769,4
837,e2c56db5-dffb-48d2-b060-d0f5a71096e0,61,4
584,8a21c76b-74e3-4341-92be-33fcfdefdd63,143,4
835,e2c56db5-dffb-48d2-b060-d0f5a71096e0,51,4
266,458a7133-0000-4e37-a4a4-5d8492586977,146,4
770,d77657c4-52a7-426f-b9d0-d71e10798c8a,61,4
916,fda50693-a4e2-4fb1-afcf-c6eb07647825,34,4
594,8a21c76b-74e3-4341-92be-33fcfdefdd63,758,4
731,bd48e18c-fc04-4c27-8176-8e55e8045c97,131,4
552,8a21c76b-74e3-4341-92be-33fcfdefdd63,13,4
918,fda50693-a4e2-4fb1-afcf-c6eb07647825,147,4
554,8a21c76b-74e3-4341-92be-33fcfdefdd63,20,4
296,50765cb7-d9ea-4e21-99a4-fa879613a492,53,4
301,50765cb7-d9ea-4e21-99a4-fa879613a492,74,4
7,00009999-0000-1000-8000-00177a000002,104,4
759,d77657c4-52a7-426f-b9d0-d71e10798c8a,13,4
243,36855890-eb06-4852-89b3-d35064ddce45,19,4
64,1acbad6e-e1a5-4838-a62a-d35d00c35b01,131,4
518,74278bda-b644-4520-8f0c-720eaf059935,977,4
369,56db0365-a001-4062-9e4d-499d3b8eccf3,147,4
698,b2e5fc49-d460-42b9-893c-27dbaff94309,109,4
700,b2e5fc49-d460-42b9-893c-27dbaff94309,124,4
2,00009999-0000-1000-8000-00177a000002,34,4
775,d77657c4-52a7-426f-b9d0-d71e10798c8a,107,4
844,e2c56db5-dffb-48d2-b060-d0f5a71096e0,115,4
11,00009999-0000-1000-8000-00177a000002,117,4
773,d77657c4-52a7-426f-b9d0-d71e10798c8a,77,4
799,d77657c4-52a7-426f-b9d0-d71e10798c8a,847,3
820,e0cb235d-7ee8-4e87-83c4-31730517fa09,892,3
572,8a21c76b-74e3-4341-92be-33fcfdefdd63,101,3
564,8a21c76b-74e3-4341-92be-33fcfdefdd63,66,3
586,8a21c76b-74e3-4341-92be-33fcfdefdd63,146,3
631,9eb353a0-69b6-4947-b710-bae643c8bca5,122,3
48,12345678-abe6-c60b-ec01-098765432101,120,3
638,a58bf14e-db0e-407e-ad7b-1d0a84528254,61,3
188,2686f39c-bada-4658-854a-a62e7e5e8b8d,1092,3
178,2686f39c-bada-4658-854a-a62e7e5e8b8d,874,3
473,74278bda-b644-4520-8f0c-720eaf059935,89,3
794,d77657c4-52a7-426f-b9d0-d71e10798c8a,767,3
640,a64ee4c7-e8c8-4656-58a5-47aacb11f9fa,131,3
567,8a21c76b-74e3-4341-92be-33fcfdefdd63,74,3
582,8a21c76b-74e3-4341-92be-33fcfdefdd63,135,3
100,20205def-9026-4955-bdcf-0a6a0fb547d2,34,3
798,d77657c4-52a7-426f-b9d0-d71e10798c8a,846,3
101,20310c9b-98c7-94eb-2d47-cc42227e086f,34,3
474,74278bda-b644-4520-8f0c-720eaf059935,99,3
611,8a21c76b-74e3-4341-92be-33fcfdefdd63,977,3
46,0f73d453-7524-4862-a864-3420875dba4b,846,3
86,1ca92e23-f087-4df7-b9a2-fd4b716a4bf6,871,3
161,2686f39c-bada-4658-854a-a62e7e5e8b8d,758,3
38,067c472f-4465-4289-978c-0c76f743b8df,133,3
139,2686f39c-bada-4658-854a-a62e7e5e8b8d,107,3
522,74278bda-b644-4520-8f0c-720eaf059935,1096,3
509,74278bda-b644-4520-8f0c-720eaf059935,871,3
846,e2c56db5-dffb-48d2-b060-d0f5a71096e0,130,3
814,d954b22d-0031-4b02-b91d-f86c1fbd8d22,141,3
151,2686f39c-bada-4658-854a-a62e7e5e8b8d,144,3
502,74278bda-b644-4520-8f0c-720eaf059935,797,3
530,7aa9f224-d71e-4758-8f60-aa013261b9ac,55,3
533,7aa9f224-d71e-4758-8f60-aa013261b9ac,131,3
840,e2c56db5-dffb-48d2-b060-d0f5a71096e0,75,3
162,2686f39c-bada-4658-854a-a62e7e5e8b8d,760,3
831,e23af6ec-8e03-f0f1-3025-883100020384,13,3
132,2686f39c-bada-4658-854a-a62e7e5e8b8d,73,3
163,2686f39c-bada-4658-854a-a62e7e5e8b8d,767,3
492,74278bda-b644-4520-8f0c-720eaf059935,747,3
598,8a21c76b-74e3-4341-92be-33fcfdefdd63,775,3
122,2686f39c-bada-4658-854a-a62e7e5e8b8d,28,3
33,06649f1a-51ec-40c2-bae0-d1c063eae3bb,34,3
121,2686f39c-bada-4658-854a-a62e7e5e8b8d,25,3
488,74278bda-b644-4520-8f0c-720eaf059935,146,3
612,8a21c76b-74e3-4341-92be-33fcfdefdd63,979,3
119,2686f39c-bada-4658-854a-a62e7e5e8b8d,22,3
833,e2c56db5-dffb-48d2-b060-d0f5a71096e0,32,3
751,c7804a54-10e5-4f29-9402-7465d89abeed,147,3
578,8a21c76b-74e3-4341-92be-33fcfdefdd63,124,3
648,aa0c1a63-153f-4256-bc10-398508e2b590,767,3
207,2a955cfd-667b-4ac8-9141-73b9c168da7e,102,3
222,2b63f6bd-8cd8-4d16-948b-9bbdb89fb2ac,122,3
891,f59d67bd-3252-4d62-8ae6-c8af3a815b8f,969,3
921,fdb3b09b-12e2-4442-be37-35a00a1d9a06,61,3
220,2a955cfd-667b-4ac8-9141-73b9c168da7e,752,3
215,2a955cfd-667b-4ac8-9141-73b9c168da7e,127,3
890,f59d67bd-3252-4d62-8ae6-c8af3a815b8f,892,3
206,2a955cfd-667b-4ac8-9141-73b9c168da7e,80,3
225,2f234454-cf6d-4a0f-adf2-f4911ba9ffa6,28,3
302,50765cb7-d9ea-4e21-99a4-fa879613a492,75,3
390,5993a94c-7d97-4df7-9abf-e493bfd5d000,1207,3
686,b2e5fc49-d460-42b9-893c-27dbaff94306,124,3
396,5e9917bd-f3ac-41e6-8226-3fd79f340dc5,61,3
399,5e9917bd-f3ac-41e6-8226-3fd79f340dc5,131,3
685,b2e5fc49-d460-42b9-893c-27dbaff94306,109,3
737,c4abe711-56a5-fa70-a23f-616263646566,23,3
894,f7826da6-4fa2-4e98-8024-bc5b71e0893e,122,3
884,f34ebac4-7cd7-4027-878e-55f4e71d0309,29,3
711,b2e5fc49-d460-42b9-893c-27dbaff9430c,109,3
328,50765cb7-d9ea-4e21-99a4-fa879613a492,149,3
4,00009999-0000-1000-8000-00177a000002,78,3
772,d77657c4-52a7-426f-b9d0-d71e10798c8a,66,3
913,fda50693-a4e2-4fb1-3344-ff767760cac6,767,3
324,50765cb7-d9ea-4e21-99a4-fa879613a492,145,3
235,2f98233b-c528-4156-b9f6-bb8f01d2b557,767,3
321,50765cb7-d9ea-4e21-99a4-fa879613a492,135,3
261,434b2eb8-c28f-4089-8e7a-1e644bb13b9f,969,3
915,fda50693-a4e2-4fb1-3344-ff767760cac6,847,3
254,4152554e-f99b-4a3b-86d0-947070693a78,120,3
260,434b2eb8-c28f-4089-8e7a-1e644bb13b9f,892,3
360,5626d6a4-dcb8-4e33-8fb7-c13c70153bb2,78,3
699,b2e5fc49-d460-42b9-893c-27dbaff94309,122,3
696,b2e5fc49-d460-42b9-893c-27dbaff94309,61,3
682,b2e5fc49-d460-42b9-893c-27dbaff94305,109,3
398,5e9917bd-f3ac-41e6-8226-3fd79f340dc5,120,3
724,ba7c72e9-17c1-4ecc-b3c0-0c960b14319e,124,3
653,aa0c1a63-153f-4256-bc10-398508e2b590,847,3
447,71b2f817-2875-4835-a94e-f9b6c31a5a24,881,3
651,aa0c1a63-153f-4256-bc10-398508e2b590,800,3
272,494e5445-4c4c-495f-524f-434b535f4857,767,3
789,d77657c4-52a7-426f-b9d0-d71e10798c8a,150,3
71,1ca92e23-f087-4df7-b9a2-fd4b716a4bf6,51,3
437,6ca0c73c-f8ec-4687-9112-41dcb6f28879,767,3
409,6a1a7b3b-2b8c-6a4c-9a7c-0d1403107060,122,3
49,146c60f1-23c8-6b23-34f3-b3ded89b4de0,55,3
435,6ca0c73c-f8ec-4687-9112-41dcb6f28879,141,3
433,6ca0c73c-f8ec-4687-9112-41dcb6f28879,109,3
744,c4abe711-56a5-fa70-a23f-616263646566,147,3
664,b2e5fc49-d460-42b9-893c-27dbaff94301,101,3
268,494e5445-4c4c-495f-524f-434b535f4857,51,3
427,6ca0c73c-f8ec-4687-9112-41dcb6f28879,25,3
743,c4abe711-56a5-fa70-a23f-616263646566,131,3
200,2a28c8e5-b65f-44aa-9837-e02e5967b106,74,3
750,c7804a54-10e5-4f29-9402-7465d89abeed,120,3
784,d77657c4-52a7-426f-b9d0-d71e10798c8a,143,3
201,2a28c8e5-b65f-44aa-9837-e02e5967b106,78,3
277,4a84c409-89e1-497c-8251-2f2d778db8d6,61,3
425,6ab357ac-96dd-4d5e-a606-b9dd64c570c7,969,3
298,50765cb7-d9ea-4e21-99a4-fa879613a492,60,3
72,1ca92e23-f087-4df7-b9a2-fd4b716a4bf6,55,3
274,494e5445-4c4c-495f-524f-434b535f4857,847,3
864,e2e1adec-2e34-4320-82ff-b162204cef07,958,3
674,b2e5fc49-d460-42b9-893c-27dbaff94304,23,3
765,d77657c4-52a7-426f-b9d0-d71e10798c8a,32,2
726,bb407f30-f5f8-466e-aff9-25556b57fe66,79,2
83,1ca92e23-f087-4df7-b9a2-fd4b716a4bf6,775,2
749,c7804a54-10e5-4f29-9402-7465d89abeed,13,2
754,d451a8ca-6bf8-7847-ffad-d5370ba20806,23,2
817,dc4f4e8e-d7b0-4e72-b609-97f2796149f9,124,2
728,bb407f30-f5f8-466e-aff9-25556b57fe66,135,2
729,bb865c82-49f0-4df9-b8f5-75a406405cbb,124,2
62,1acbad6e-e1a5-4838-a62a-d35d00c35b01,13,2
819,e0cb235d-7ee8-4e87-83c4-31730517fa09,53,2
732,bfd12541-ce23-4201-a9f1-e97a24acac95,13,2
90,1ca92e23-f087-4df7-b9a2-fd4b716a4bf6,969,2
758,d77657c4-52a7-426f-b9d0-d71e10798c8a,12,2
87,1ca92e23-f087-4df7-b9a2-fd4b716a4bf6,874,2
590,8a21c76b-74e3-4341-92be-33fcfdefdd63,154,2
740,c4abe711-56a5-fa70-a23f-616263646566,61,2
79,1ca92e23-f087-4df7-b9a2-fd4b716a4bf6,146,2
88,1ca92e23-f087-4df7-b9a2-fd4b716a4bf6,938,2
733,bfd12541-ce23-4201-a9f1-e97a24acac95,130,2
70,1ca92e23-f087-4df7-b9a2-fd4b716a4bf6,34,2
600,8a21c76b-74e3-4341-92be-33fcfdefdd63,805,2
767,d77657c4-52a7-426f-b9d0-d71e10798c8a,51,2
75,1ca92e23-f087-4df7-b9a2-fd4b716a4bf6,109,2
681,b2e5fc49-d460-42b9-893c-27dbaff94305,107,2
678,b2e5fc49-d460-42b9-893c-27dbaff94304,107,2
676,b2e5fc49-d460-42b9-893c-27dbaff94304,61,2
627,9d410000-35d6-f4dd-ba60-e7bd8dc491c0,954,2
675,b2e5fc49-d460-42b9-893c-27dbaff94304,34,2
668,b2e5fc49-d460-42b9-893c-27dbaff94302,101,2
665,b2e5fc49-d460-42b9-893c-27dbaff94301,107,2
662,b2e5fc49-d460-42b9-893c-27dbaff94300,107,2
797,d77657c4-52a7-426f-b9d0-d71e10798c8a,805,2
657,aaaaaaa0-bbb0-ccc0-ddd0-97c440000001,1092,2
636,a05fd6bc-e856-e9e9-7e58-c9eb207d5213,55,2
652,aa0c1a63-153f-4256-bc10-398508e2b590,846,2
642,a8d278e4-35b5-44ef-9cac-0f3fc511fe3e,995,2
793,d77657c4-52a7-426f-b9d0-d71e10798c8a,752,2
649,aa0c1a63-153f-4256-bc10-398508e2b590,775,2
645,aa0c1a63-153f-4256-bc10-398508e2b590,19,2
620,961ee482-93b2-3d07-50fa-0334460917c2,146,2
687,b2e5fc49-d460-42b9-893c-27dbaff94307,101,2
43,0c722c7e-9a1c-f7b6-8337-579c29b39ed9,51,2
65,1b9f43be-9830-48a9-9d2f-5684fbe67624,32,2
720,ba679be4-7e1d-42b7-80f7-c97a162dab5b,61,2
57,18a54793-5c75-49ae-af6d-3edda84dffc3,131,2
602,8a21c76b-74e3-4341-92be-33fcfdefdd63,847,2
77,1ca92e23-f087-4df7-b9a2-fd4b716a4bf6,133,2
604,8a21c76b-74e3-4341-92be-33fcfdefdd63,871,2
606,8a21c76b-74e3-4341-92be-33fcfdefdd63,881,2
710,b2e5fc49-d460-42b9-893c-27dbaff9430c,61,2
705,b2e5fc49-d460-42b9-893c-27dbaff9430b,61,2
54,18a54793-5c75-49ae-af6d-3edda84dffc3,61,2
704,b2e5fc49-d460-42b9-893c-27dbaff9430a,109,2
703,b2e5fc49-d460-42b9-893c-27dbaff9430a,101,2
608,8a21c76b-74e3-4341-92be-33fcfdefdd63,954,2
646,aa0c1a63-153f-4256-bc10-398508e2b590,109,2
779,d77657c4-52a7-426f-b9d0-d71e10798c8a,122,2
614,8b03238e-cebc-465d-8fb8-90e41e0f51ba,855,2
42,0adb26f9-0f6f-52e3-c28e-e993430def6c,1143,2
51,1566d364-f9fb-47bf-9174-1f6f5c8734a2,120,2
515,74278bda-b644-4520-8f0c-720eaf059935,938,2
98,1e84766c-ac5c-4df6-a0af-3ea98dd5a91a,122,2
453,74278bda-b644-4520-8f0c-720eaf059935,28,2
232,2f234454-cf6d-4a0f-adf2-f4911ba9ffa6,847,2
241,33f08f0f-cfa7-a254-0027-eb4bbf160a17,147,2
436,6ca0c73c-f8ec-4687-9112-41dcb6f28879,147,2
337,50765cb7-d9ea-4e21-99a4-fa879613a492,799,2
439,6ca0c73c-f8ec-4687-9112-41dcb6f28879,1981,2
247,3ddab011-957f-7d4a-34a6-74696673696d,969,2
443,71b2f817-2875-4835-a94e-f9b6c31a5a24,122,2
248,3ddab011-957f-7d4a-34a6-74696673696d,993,2
444,71b2f817-2875-4835-a94e-f9b6c31a5a24,133,2
865,e502ebe8-3b55-4bfe-9c97-657e061c3114,83,2
195,2a28c8e5-b65f-44aa-9837-e02e5967b102,78,2
862,e2e1adec-2e34-4320-82ff-b162204cef07,32,2
428,6ca0c73c-f8ec-4687-9112-41dcb6f28879,34,2
861,e2c56db5-dffb-48d2-b060-d0f5a71096e0,1200,2
249,3ddab011-957f-7d4a-34a6-74696673696d,996,2
190,26ed0941-449e-4fce-978c-a4cb645b9161,133,2
460,74278bda-b644-4520-8f0c-720eaf059935,60,2
187,2686f39c-bada-4658-854a-a62e7e5e8b8d,996,2
24,00009999-0000-1000-8000-00177a000002,769,2
910,fc9781c4-022b-4e04-9c65-cba35b2ccc49,120,2
362,56db0365-a001-4062-9e4d-499d3b8eccf3,28,2
464,74278bda-b644-4520-8f0c-720eaf059935,72,2
186,2686f39c-bada-4658-854a-a62e7e5e8b8d,995,2
25,00014422-d102-11e1-9b23-00025b00a5a5,131,2
821,e0d2870b-849d-1df0-fe9a-ac5f0002038c,13,2
426,6ca0c73c-f8ec-4687-9112-41dcb6f28879,23,2
470,74278bda-b644-4520-8f0c-720eaf059935,79,2
897,f7b5c2e9-949d-49f3-bb3b-08762506cec1,133,2
229,2f234454-cf6d-4a0f-adf2-f4911ba9ffa6,147,2
228,2f234454-cf6d-4a0f-adf2-f4911ba9ffa6,135,2
359,55aeed94-0050-4794-856a-c438e4e4b5f4,133,2
370,56db0365-a001-4062-9e4d-499d3b8eccf3,758,2
371,56db0365-a001-4062-9e4d-499d3b8eccf3,871,2
372,5993a94c-7d97-4df7-9abf-e493bfd5d000,19,2
373,5993a94c-7d97-4df7-9abf-e493bfd5d000,51,2
377,5993a94c-7d97-4df7-9abf-e493bfd5d000,69,2
358,55aeed94-0050-4794-856a-c438e4e4b5f4,122,2
223,2c0a365b-6f57-c283-0822-10675002094f,133,2
221,2a955cfd-667b-4ac8-9141-73b9c168da7e,769,2
394,5a215317-4ac6-e6bc-ba34-87c35b6e79d5,752,2
424,6ab357ac-96dd-4d5e-a606-b9dd64c570c7,892,2
888,f34ebac4-7cd7-4027-878e-55f4e71d0309,133,2
230,2f234454-cf6d-4a0f-adf2-f4911ba9ffa6,767,2
13,00009999-0000-1000-8000-00177a000002,122,2
411,6ab357ac-96dd-4d5e-a606-b9dd64c570c7,19,2
412,6ab357ac-96dd-4d5e-a606-b9dd64c570c7,25,2
878,f02d7ba4-60a8-4ccc-9321-ac26078b9d26,79,2
877,f000f0c0-0451-4000-b000-000000000000,23,2
199,2a28c8e5-b65f-44aa-9837-e02e5967b105,78,2
198,2a28c8e5-b65f-44aa-9837-e02e5967b105,74,2
197,2a28c8e5-b65f-44aa-9837-e02e5967b104,78,2
422,6ab357ac-96dd-4d5e-a606-b9dd64c570c7,799,2
467,74278bda-b644-4520-8f0c-720eaf059935,76,2
463,74278bda-b644-4520-8f0c-720eaf059935,66,2
183,2686f39c-bada-4658-854a-a62e7e5e8b8d,969,2
517,74278bda-b644-4520-8f0c-720eaf059935,969,2
138,2686f39c-bada-4658-854a-a62e7e5e8b8d,99,2
521,74278bda-b644-4520-8f0c-720eaf059935,998,2
26,000170a0-79dc-4457-8175-c2a3de60b80b,32,2
262,43a2bc29-c111-4a76-8b6f-78aecb142e5a,141,2
529,7aa9f224-d71e-4758-8f60-aa013261b9ac,53,2
137,2686f39c-bada-4658-854a-a62e7e5e8b8d,87,2
532,7aa9f224-d71e-4758-8f60-aa013261b9ac,120,2
135,2686f39c-bada-4658-854a-a62e7e5e8b8d,78,2
264,458a7133-0000-4e37-a4a4-5d8492586977,131,2
544,8277a5f1-4166-45d1-9f97-905df2a427d5,53,2
546,8277a5f1-4166-45d1-9f97-905df2a427d5,979,2
292,50765cb7-d9ea-4e21-99a4-fa879613a492,31,2
558,8a21c76b-74e3-4341-92be-33fcfdefdd63,32,2
830,e23af6ec-8e03-f0f1-3025-883100000384,13,2
926,fe913213-b311-4a42-8c16-47faeac938db,23,2
828,e20a39f4-73f5-4bc4-1864-17d1ad07a962,143,2
827,e20a39f4-73f5-4bc4-1864-17d1ad07a962,124,2
286,504f4c45-5354-4152-0000-000000000000,150,2
273,494e5445-4c4c-495f-524f-434b535f4857,846,2
929,fe913213-b311-4a42-8c16-47faeac938db,145,2
822,e150ec1c-0d67-4793-be2b-f6c0360bae61,122,2
519,74278bda-b644-4520-8f0c-720eaf059935,979,2
14,00009999-0000-1000-8000-00177a000002,124,2
159,2686f39c-bada-4658-854a-a62e7e5e8b8d,750,2
853,e2c56db5-dffb-48d2-b060-d0f5a71096e0,150,2
500,74278bda-b644-4520-8f0c-720eaf059935,775,2
309,50765cb7-d9ea-4e21-99a4-fa879613a492,107,2
172,2686f39c-bada-4658-854a-a62e7e5e8b8d,846,2
256,4165726f-6869-7665-4e65-74776f726b73,34,2
919,fda50693-a4e2-4fb1-afcf-c6eb07647825,150,2
259,4165726f-6869-7665-4e65-74776f726b73,131,2
490,74278bda-b644-4520-8f0c-720eaf059935,150,2
914,fda50693-a4e2-4fb1-3344-ff767760cac6,846,2
503,74278bda-b644-4520-8f0c-720eaf059935,799,2
483,74278bda-b644-4520-8f0c-720eaf059935,134,2
512,74278bda-b644-4520-8f0c-720eaf059935,877,2
514,74278bda-b644-4520-8f0c-720eaf059935,892,2
175,2686f39c-bada-4658-854a-a62e7e5e8b8d,855,2
753,c9a877b7-30ba-5d47-aadf-31aa5078c24a,109,2
924,fdb3b09b-12e2-4442-be37-35a00a1d9a06,146,1
58,18a54793-5c75-49ae-af6d-3edda84dffc3,133,1
8,00009999-0000-1000-8000-00177a000002,107,1
917,fda50693-a4e2-4fb1-afcf-c6eb07647825,109,1
928,fe913213-b311-4a42-8c16-47faeac938db,124,1
912,fda50693-a4e2-4fb1-3344-df97a470ee50,109,1
3,00009999-0000-1000-8000-00177a000002,60,1
900,f9d79150-efc7-45ab-8738-f7054902ee2b,124,1
776,d77657c4-52a7-426f-b9d0-d71e10798c8a,108,1
757,d77657c4-52a7-426f-b9d0-d71e10798c8a,3,1
899,f87681b0-a7c6-11e9-b475-0800200c9a66,122,1
771,d77657c4-52a7-426f-b9d0-d71e10798c8a,62,1
901,faaf3ed6-6d65-a7a2-5f13-3024d059405d,73,1
774,d77657c4-52a7-426f-b9d0-d71e10798c8a,79,1
923,fdb3b09b-12e2-4442-be37-35a00a1d9a06,133,1
922,fdb3b09b-12e2-4442-be37-35a00a1d9a06,131,1
5,00009999-0000-1000-8000-00177a000002,101,1
763,d77657c4-52a7-426f-b9d0-d71e10798c8a,29,1
902,faaf3ed6-6d65-a7a2-5f13-3024d059405d,74,1
61,19aea2b5-f0a9-4e7a-9599-69f65845dd03,66,1
768,d77657c4-52a7-426f-b9d0-d71e10798c8a,58,1
12,00009999-0000-1000-8000-00177a000002,120,1
920,fda50693-a4e2-4fb1-afcf-c6eb07647825,855,1
60,18a54793-5c75-49ae-af6d-3edda84dffc3,773,1
876,ef090000-11d6-42ba-93b8-9dd7ec090aa9,797,1
56,18a54793-5c75-49ae-af6d-3edda84dffc3,124,1
841,e2c56db5-dffb-48d2-b060-d0f5a71096e0,83,1
854,e2c56db5-dffb-48d2-b060-d0f5a71096e0,749,1
28,01059016-c1e6-3da5-7b81-eb84d9860645,34,1
29,010e5daf-960b-43da-b605-89d5f040b217,147,1
806,d8135e1e-e71c-4e14-97a6-3501a36954d7,133,1
44,0f73d453-7524-4862-a864-3420875dba4b,53,1
848,e2c56db5-dffb-48d2-b060-d0f5a71096e0,134,1
41,0adb26f9-0f6f-52e3-c28e-e993430def6c,1096,1
31,048ec0bc-7d57-4d14-90f0-4f427e8eea36,120,1
32,06649f1a-51ec-40c2-bae0-d1c063eae3bb,13,1
37,06649f1a-51ec-40c2-bae0-d1c063eae3bb,956,1
839,e2c56db5-dffb-48d2-b060-d0f5a71096e0,72,1
55,18a54793-5c75-49ae-af6d-3edda84dffc3,120,1
838,e2c56db5-dffb-48d2-b060-d0f5a71096e0,66,1
816,dc4f4e8e-d7b0-4e72-b609-97f2796149f9,122,1
34,06649f1a-51ec-40c2-bae0-d1c063eae3bb,141,1
832,e2c56db5-dffb-48d2-b060-d0f5a71096e0,19,1
829,e20a39f4-73f5-4bc4-1864-17d1ad07a962,145,1
818,df5558f8-0c2e-46e6-9da9-4c82824ceda1,34,1
826,e20a39f4-73f5-4bc4-1864-17d1ad07a962,122,1
825,e20a39f4-73f5-4bc4-1864-17d1ad07a962,32,1
824,e1f54e02-1e23-44e0-9c3d-512eb56adec9,120,1
823,e1717541-3116-b5a5-8f5c-458db726c2b7,969,1
47,0f73d453-7524-4862-a864-3420875dba4b,847,1
800,d77657c4-52a7-426f-b9d0-d71e10798c8a,853,1
855,e2c56db5-dffb-48d2-b060-d0f5a71096e0,758,1
795,d77657c4-52a7-426f-b9d0-d71e10798c8a,769,1
892,f7826da6-4fa2-4e98-8024-bc5b71e0893e,34,1
889,f59d67bd-3252-4d62-8ae6-c8af3a815b8f,61,1
887,f34ebac4-7cd7-4027-878e-55f4e71d0309,122,1
53,18a54793-5c75-49ae-af6d-3edda84dffc3,55,1
886,f34ebac4-7cd7-4027-878e-55f4e71d0309,120,1
885,f34ebac4-7cd7-4027-878e-55f4e71d0309,61,1
882,f2356731-fbd4-4a10-8aa2-c89adf48a98d,954,1
881,f2356731-fbd4-4a10-8aa2-c89adf48a98d,13,1
879,f02d7ba4-60a8-4ccc-9321-ac26078b9d26,120,1
785,d77657c4-52a7-426f-b9d0-d71e10798c8a,145,1
875,ec00025c-5101-142e-3505-1ea495693654,131,1
874,e8996658-ba30-9e10-ced8-daaeb21e1afd,19,1
50,14839ac4-7d7e-415c-9a42-167340cf2339,29,1
873,e688762b-df54-86c3-df1a-6801b80c1257,131,1
872,e60fdc20-9e42-11e9-b475-0800200c9a66,76,1
18,00009999-0000-1000-8000-00177a000002,147,1
868,e5a392d8-5351-4fb4-8bde-277773263d48,969,1
790,d77657c4-52a7-426f-b9d0-d71e10798c8a,154,1
792,d77657c4-52a7-426f-b9d0-d71e10798c8a,750,1
867,e5a392d8-5351-4fb4-8bde-277773263d48,773,1
860,e2c56db5-dffb-48d2-b060-d0f5a71096e0,998,1
278,4b993cd6-1f3a-466f-aac7-cd79c01b9a20,13,1
605,8a21c76b-74e3-4341-92be-33fcfdefdd63,874,1
752,c94749f5-0516-4b84-ab64-1d349ee9d79d,31,1
401,5e9917bd-f3ac-41e6-8226-3fd79f340dc5,146,1
445,71b2f817-2875-4835-a94e-f9b6c31a5a24,141,1
442,71b2f817-2875-4835-a94e-f9b6c31a5a24,19,1
441,6f9c4e8b-9914-32d3-afa9-cc7a590bebd3,109,1
440,6d2c2ce8-677f-45fc-94d1-d958f23bebd0,79,1
438,6ca0c73c-f8ec-4687-9112-41dcb6f28879,1145,1
434,6ca0c73c-f8ec-4687-9112-41dcb6f28879,134,1
432,6ca0c73c-f8ec-4687-9112-41dcb6f28879,78,1
431,6ca0c73c-f8ec-4687-9112-41dcb6f28879,74,1
430,6ca0c73c-f8ec-4687-9112-41dcb6f28879,55,1
429,6ca0c73c-f8ec-4687-9112-41dcb6f28879,51,1
418,6ab357ac-96dd-4d5e-a606-b9dd64c570c7,131,1
414,6ab357ac-96dd-4d5e-a606-b9dd64c570c7,31,1
410,6ab357ac-96dd-4d5e-a606-b9dd64c570c7,13,1
408,692d074b-7b14-3a63-42f1-9ed4bedd5b20,34,1
407,6563be34-ef11-12ab-87c9-110409b7a870,147,1
406,6563be34-ef11-12ab-87c9-110409b7a870,124,1
405,6563be34-ef11-12ab-87c9-110409b7a870,31,1
404,655f83ca-ae16-a10a-702e-31f30d58dd82,120,1
403,655f83ca-ae16-a10a-702e-31f30d58dd82,32,1
446,71b2f817-2875-4835-a94e-f9b6c31a5a24,797,1
448,71b2f817-2875-4835-a94e-f9b6c31a5a24,969,1
449,71fb9eb2-5186-11ea-b1f4-bb928fefb7fd,109,1
486,74278bda-b644-4520-8f0c-720eaf059935,144,1
524,74278bda-b644-4520-8f0c-720eaf059935,1981,1
523,74278bda-b644-4520-8f0c-720eaf059935,1145,1
513,74278bda-b644-4520-8f0c-720eaf059935,881,1
501,74278bda-b644-4520-8f0c-720eaf059935,778,1
155,2686f39c-bada-4658-854a-a62e7e5e8b8d,154,1
491,74278bda-b644-4520-8f0c-720eaf059935,154,1
167,2686f39c-bada-4658-854a-a62e7e5e8b8d,778,1
168,2686f39c-bada-4658-854a-a62e7e5e8b8d,797,1
485,74278bda-b644-4520-8f0c-720eaf059935,143,1
194,2a28c8e5-b65f-44aa-9837-e02e5967b101,78,1
181,2686f39c-bada-4658-854a-a62e7e5e8b8d,956,1
182,2686f39c-bada-4658-854a-a62e7e5e8b8d,958,1
1,00009999-0000-1000-8000-00177a000002,19,1
462,74278bda-b644-4520-8f0c-720eaf059935,65,1
189,26cd69e1-dc80-4b7f-929a-166f523f1fea,122,1
191,2a28c8e5-b65f-44aa-9837-e02e5967b100,74,1
192,2a28c8e5-b65f-44aa-9837-e02e5967b100,78,1
193,2a28c8e5-b65f-44aa-9837-e02e5967b101,74,1
402,5e9917bd-f3ac-41e6-8226-3fd79f340dc5,147,1
395,5e9917bd-f3ac-41e6-8226-3fd79f340dc5,19,1
527,7905af11-2899-4115-ab1c-8db67c2176a8,51,1
393,5a1241f8-e9e6-b882-3f11-ff1e278a3e49,996,1
250,400225dd-3d15-4a4b-9db3-93c4b2d01eda,109,1
251,40a480af-a022-4050-95d6-51a700020000,34,1
252,4152554e-f99b-4a3b-86d0-947070693a78,29,1
320,50765cb7-d9ea-4e21-99a4-fa879613a492,134,1
255,4152554e-f99b-4a3b-86d0-947070693a78,122,1
257,4165726f-6869-7665-4e65-74776f726b73,61,1
312,50765cb7-d9ea-4e21-99a4-fa879613a492,117,1
307,50765cb7-d9ea-4e21-99a4-fa879613a492,101,1
306,50765cb7-d9ea-4e21-99a4-fa879613a492,79,1
303,50765cb7-d9ea-4e21-99a4-fa879613a492,76,1
300,50765cb7-d9ea-4e21-99a4-fa879613a492,66,1
265,458a7133-0000-4e37-a4a4-5d8492586977,133,1
267,494e5445-4c4c-495f-524f-434b535f4857,23,1
269,494e5445-4c4c-495f-524f-434b535f4857,109,1
270,494e5445-4c4c-495f-524f-434b535f4857,132,1
271,494e5445-4c4c-495f-524f-434b535f4857,133,1
287,5075f606-1e0e-11e7-93ae-92361f002671,122,1
282,504f4c45-5354-4152-0000-000000000000,101,1
281,4e5a3705-abc0-46ef-ba23-7ba0539f77ee,141,1
327,50765cb7-d9ea-4e21-99a4-fa879613a492,148,1
330,50765cb7-d9ea-4e21-99a4-fa879613a492,154,1
332,50765cb7-d9ea-4e21-99a4-fa879613a492,758,1
355,547eaf8f-ed01-4ac9-ba18-800e320ee03c,131,1
214,2a955cfd-667b-4ac8-9141-73b9c168da7e,121,1
381,5993a94c-7d97-4df7-9abf-e493bfd5d000,122,1
224,2ee009b5-0665-4584-8237-be05f0748e5d,122,1
226,2f234454-cf6d-4a0f-adf2-f4911ba9ffa6,51,1
227,2f234454-cf6d-4a0f-adf2-f4911ba9ffa6,120,1
364,56db0365-a001-4062-9e4d-499d3b8eccf3,60,1
363,56db0365-a001-4062-9e4d-499d3b8eccf3,29,1
357,547eaf8f-ed01-4ac9-ba18-800e320ee03c,146,1
354,50765cb7-d9ea-4e21-99a4-fa879613a492,1143,1
246,3cc8082f-5a54-4b3c-aeef-fa2c7fce975f,133,1
353,50765cb7-d9ea-4e21-99a4-fa879613a492,1127,1
352,50765cb7-d9ea-4e21-99a4-fa879613a492,1125,1
351,50765cb7-d9ea-4e21-99a4-fa879613a492,1092,1
231,2f234454-cf6d-4a0f-adf2-f4911ba9ffa6,846,1
240,3261b607-3a79-51cd-730d-9f7ff836e339,79,1
242,36855890-eb06-4852-89b3-d35064ddce45,13,1
245,3c4584f5-eb2c-a63c-1e57-000000000000,51,1
336,50765cb7-d9ea-4e21-99a4-fa879613a492,797,1
526,76d8ae26-3f03-2f99-c934-31f052c5fc80,769,1
528,7aa9f224-d71e-4758-8f60-aa013261b9ac,34,1
748,c75bcf5a-3f10-ee6e-8d95-4b7600020381,954,1
635,a05fd6bc-e856-e9e9-7e58-c9eb207d5213,34,1
68,1ca92e23-f087-4df7-b9a2-fd4b716a4bf6,29,1
69,1ca92e23-f087-4df7-b9a2-fd4b716a4bf6,31,1
693,b2e5fc49-d460-42b9-893c-27dbaff94308,122,1
690,b2e5fc49-d460-42b9-893c-27dbaff94307,122,1
689,b2e5fc49-d460-42b9-893c-27dbaff94307,109,1
684,b2e5fc49-d460-42b9-893c-27dbaff94306,107,1
680,b2e5fc49-d460-42b9-893c-27dbaff94304,345,1
677,b2e5fc49-d460-42b9-893c-27dbaff94304,101,1
671,b2e5fc49-d460-42b9-893c-27dbaff94303,61,1
667,b2e5fc49-d460-42b9-893c-27dbaff94301,133,1
663,b2e5fc49-d460-42b9-893c-27dbaff94300,109,1
660,b0e9abf6-8c64-423a-b8d5-6669de4f4bdb,55,1
658,ab287db0-112f-e62e-8e75-3e90bce4c55d,109,1
656,aaaaaaa0-bbb0-ccc0-ddd0-97c440000001,995,1
655,aaaaaaa0-bbb0-ccc0-ddd0-97c440000001,969,1
654,aa0c1a63-153f-4256-bc10-398508e2b590,871,1
644,a8ef77c2-05f4-4aed-c23e-fe1f24809c00,154,1
643,a8ef77c2-05f4-4aed-c23e-fe1f24809c00,147,1
641,a8d278e4-35b5-44ef-9cac-0f3fc511fe3e,23,1
707,b2e5fc49-d460-42b9-893c-27dbaff9430b,107,1
709,b2e5fc49-d460-42b9-893c-27dbaff9430b,122,1
712,b2e5fc49-d460-42b9-893c-27dbaff9430c,133,1
734,bfd12541-ce23-4201-a9f1-e97a24acac95,131,1
747,c4b8ccde-cd5f-40ed-b5b2-f68851ff8ab2,78,1
745,c4abe711-56a5-fa70-a23f-616263646566,874,1
742,c4abe711-56a5-fa70-a23f-616263646566,122,1
741,c4abe711-56a5-fa70-a23f-616263646566,78,1
739,c4abe711-56a5-fa70-a23f-616263646566,55,1
738,c4abe711-56a5-fa70-a23f-616263646566,34,1
736,c4abe711-56a5-fa70-a23f-616263646566,13,1
735,c0017e14-1a0c-494e-bf84-dd478a47d0d5,109,1
730,bb865c82-49f0-4df9-b8f5-75a406405cbb,147,1
715,b8ba3d72-9fd6-4ca1-89f6-d0da18de8375,109,1
727,bb407f30-f5f8-466e-aff9-25556b57fe66,120,1
63,1acbad6e-e1a5-4838-a62a-d35d00c35b01,120,1
722,ba7c72e9-17c1-4ecc-b3c0-0c960b14319e,99,1
721,ba7c72e9-17c1-4ecc-b3c0-0c960b14319e,23,1
719,b8fed863-9f1c-447c-8f82-df0c2e067dea,154,1
718,b8fed863-9f1c-447c-8f82-df0c2e067dea,122,1
717,b8fed863-9f1c-447c-8f82-df0c2e067dea,120,1
716,b8ba3d72-9fd6-4ca1-89f6-d0da18de8375,147,1
637,a14a04b7-5f86-7310-99d5-9e3b2564c8b4,147,1
634,9eb353a0-69b6-4947-b710-bae643c8bca5,147,1
535,7f94e960-5490-41b2-b762-4ab5fc87384c,101,1
73,1ca92e23-f087-4df7-b9a2-fd4b716a4bf6,61,1
573,8a21c76b-74e3-4341-92be-33fcfdefdd63,107,1
570,8a21c76b-74e3-4341-92be-33fcfdefdd63,83,1
569,8a21c76b-74e3-4341-92be-33fcfdefdd63,78,1
566,8a21c76b-74e3-4341-92be-33fcfdefdd63,73,1
565,8a21c76b-74e3-4341-92be-33fcfdefdd63,72,1
103,20cae8a0-a9cf-11e3-a5e2-0800200c9a66,107,1
104,20cae8a0-a9cf-11e3-a5e2-0800200c9a66,109,1
107,20cae8a0-a9cf-11e3-a5e2-0800200c9a66,150,1
108,23445723-7230-5723-5800-28375abefd12,120,1
109,23445723-7230-5723-5800-28375abefd12,147,1
110,23e93f28-8b8b-45aa-a916-d68765b70982,147,1
111,264a2992-d007-432e-b4ed-37d6af6e8d04,101,1
115,2686f39c-bada-4658-854a-a62e7e5e8b8d,12,1
548,8892d497-2507-4fbc-ac6d-e9aefe6e9266,79,1
547,82a8029d-d537-47f9-84d9-3bbc8052f66b,32,1
545,8277a5f1-4166-45d1-9f97-905df2a427d5,66,1
131,2686f39c-bada-4658-854a-a62e7e5e8b8d,66,1
538,8277a5f1-4166-45d1-9f97-905df2a427d5,23,1
136,2686f39c-bada-4658-854a-a62e7e5e8b8d,79,1
574,8a21c76b-74e3-4341-92be-33fcfdefdd63,108,1
96,1d19a9f7-66c0-4428-9e61-f2a58b45c6f5,122,1
91,1ca92e23-f087-4df7-b9a2-fd4b716a4bf6,995,1
617,8d213129-d56d-9e4b-77f2-2b30ebb5e7f3,79,1
74,1ca92e23-f087-4df7-b9a2-fd4b716a4bf6,83,1
628,9d6f9674-c3b4-aae9-35e2-ec3cfe06be5f,122,1
626,9b0c5617-4211-4c60-937d-38501df4fa4f,855,1
625,9b0c5617-4211-4c60-937d-38501df4fa4f,853,1
624,9b0c5617-4211-4c60-937d-38501df4fa4f,120,1
623,99e8d0b6-f1b1-41b8-a035-104cf2d11497,748,1
619,961ee482-93b2-3d07-50fa-0334460917c2,120,1
618,944ff534-ac2c-8b18-b1dc-bcf18b95f337,61,1
616,8b03238e-cebc-465d-8fb8-90e41e0f51ba,954,1
89,1ca92e23-f087-4df7-b9a2-fd4b716a4bf6,954,1
76,1ca92e23-f087-4df7-b9a2-fd4b716a4bf6,122,1
613,8b03238e-cebc-465d-8fb8-90e41e0f51ba,773,1
610,8a21c76b-74e3-4341-92be-33fcfdefdd63,969,1
609,8a21c76b-74e3-4341-92be-33fcfdefdd63,958,1
607,8a21c76b-74e3-4341-92be-33fcfdefdd63,938,1
279,4b993cd6-1f3a-466f-aac7-cd79c01b9a20,60,1
81,1ca92e23-f087-4df7-b9a2-fd4b716a4bf6,758,1
589,8a21c76b-74e3-4341-92be-33fcfdefdd63,150,1
931,fe913213-b311-4a42-8c16-47faeac938db,881,1
4,2f234454-cf6d-4a0f-adf2-f4911ba9ffa6,846,3
2,2f234454-cf6d-4a0f-adf2-f4911ba9ffa6,150,2
0,2f234454-cf6d-4a0f-adf2-f4911ba9ffa6,109,1
1,2f234454-cf6d-4a0f-adf2-f4911ba9ffa6,120,1
3,2f234454-cf6d-4a0f-adf2-f4911ba9ffa6,767,1
5,43a2bc29-c111-4a76-8b6f-78aecb142e5a,141,1
34,0xc1cac1c417534ddea065,109,441
21,0xb2e5fc49d46042b9893c,109,439
19,0xb2e5fc49d46042b9893c,101,385
18,0xb2e5fc49d46042b9893c,61,243
23,0xb2e5fc49d46042b9893c,124,137
17,0xb2e5fc49d46042b9893c,34,134
22,0xb2e5fc49d46042b9893c,122,112
20,0xb2e5fc49d46042b9893c,107,106
16,0xb2e5fc49d46042b9893c,23,71
1,0x2a28c8e5b65f44aa9837,78,69
35,0xc1cac1c417534ddea065,120,54
37,0xc1cac1c417534ddea065,124,53
36,0xc1cac1c417534ddea065,122,50
30,0xc1cac1c417534ddea065,23,49
25,0xb2e5fc49d46042b9893c,133,42
39,0xc1cac1c417534ddea065,141,40
40,0xc1cac1c417534ddea065,147,33
0,0x2a28c8e5b65f44aa9837,74,31
47,0xe1bde705bd3940898e3d,141,28
38,0xc1cac1c417534ddea065,133,23
11,0x85ceeb822284d5870c3a,130,17
12,0x85ceeb822284d5870c3a,141,16
10,0x85ceeb822284d5870c3a,109,14
29,0xb2e5fc49d46042b9893c,345,13
8,0x71410849e0b34b5f9819,767,8
26,0xb2e5fc49d46042b9893c,141,8
48,0xe1bde705bd3940898e3d,143,4
32,0xc1cac1c417534ddea065,101,4
15,0x9e9f052935fc2bc872e6,773,4
24,0xb2e5fc49d46042b9893c,132,4
31,0xc1cac1c417534ddea065,28,3
5,0x5713793103decaf22026,141,3
4,0x5713793103decaf22026,101,3
27,0xb2e5fc49d46042b9893c,146,2
49,0xf7826da6bc5b71e0893e,109,2
46,0xc4abe71156a5fa70a23f,147,2
13,0x85ceeb822284d5870c3a,147,2
2,0x5713793103decaf22026,34,2
42,0xc4abe71156a5fa70a23f,23,1
45,0xc4abe71156a5fa70a23f,131,1
44,0xc4abe71156a5fa70a23f,122,1
43,0xc4abe71156a5fa70a23f,78,1
7,0x670d6c28e1a4bdb78331,141,1
41,0xc4abe71156a5fa70a23f,13,1
3,0x5713793103decaf22026,79,1
6,0x5713793103decaf22026,749,1
14,0x9e9f052935fc2bc872e6,29,1
33,0xc1cac1c417534ddea065,107,1
28,0xb2e5fc49d46042b9893c,149,1
9,0x85ceeb822284d5870c3a,101,1
50,0xf7826da6bc5b71e0893e,147,1
1,eddystone_url,120,5
4,eddystone_url,147,5
5,eddystone_url,958,3
2,eddystone_url,131,2
0,eddystone_url,109,1
3,eddystone_url,133,1
